1,Holly-anne,Tarburn,8/19/1990,0,W-3405
2,Bret,Ambrosetti,5/8/2005,1,P-6291
3,Willem,Jouen,5/17/1998,0,M-2543
4,Ilise,Fontaine,2/16/1997,0,H-8504
5,Lyndell,Elsegood,10/1/1993,1,E-4104
6,Aleda,Paladini,5/22/2002,1,W-6277
7,Salomo,Gerren,6/10/2001,1,W-3405
8,Robb,Janata,11/5/2004,1,V-3847
9,Phil,Carlson,2/10/1996,0,M-2543
10,Veradis,MacCartair,2/26/2002,0,P-6291
11,Shani,Giffon,1/20/1999,1,F-3196
12,Deeyn,Keepe,7/19/2000,1,C-0299
13,Yoshiko,Rowlett,12/10/1992,1,E-4104
14,Shadow,Chesshire,6/30/2003,0,M-2543
15,Freida,Gallehock,3/16/1999,1,V-3847
16,Lucy,Davidofski,6/15/2000,0,M-2543
17,Karry,Bazell,4/7/1994,0,M-2543
18,Celesta,Rappa,11/20/1991,1,E-4104
19,Tailor,Mellers,7/23/1999,0,E-4104
20,Yoshiko,Trever,5/6/1991,0,H-8504
21,Tanitansy,Ourtic,9/14/2005,1,M-2543
22,Tamra,Summerscales,12/12/2001,0,W-6277
23,Nata,Wolfendale,3/11/1992,0,C-0299
24,Merv,Ambrozik,2/17/2001,0,E-4104
25,Farah,Fidal,11/16/2002,0,C-0299
26,Ernaline,Amoore,4/9/1994,1,V-3847
27,Muhammad,Lock,1/26/2002,0,F-2605
28,Reinold,Knights,5/13/2001,0,P-6291
29,Randolph,Steketee,5/24/1993,1,M-2543
30,Lesley,Jindacek,5/18/1997,1,F-2605
31,Hugh,Eaglestone,12/13/1997,1,V-3847
32,Jozef,Sayles,7/25/1991,1,F-2605
33,Shepard,McIlvoray,6/12/1990,0,H-8504
34,Gottfried,Shearme,5/28/1994,1,F-3196
35,Fidelio,Woodington,1/18/1995,0,P-6291
36,Tedie,Parkhouse,9/6/1998,1,W-3405
37,Loella,Mulroy,11/21/1993,0,P-6291
38,Jewel,Hurnell,4/21/1999,0,F-3196
39,Casar,Hounson,2/10/2004,0,P-6291
40,Franklin,Ruttgers,2/24/1992,0,M-2543
41,Gabbi,Fley,7/16/1991,0,F-3196
42,Kenyon,Selly,11/18/2003,1,H-8504
43,Mirna,Loadsman,11/15/2002,0,M-2543
44,Cointon,Guye,10/7/1994,0,F-3196
45,Filia,Pashler,9/3/1999,1,F-2605
46,Ingra,Blankau,6/20/2001,1,E-4104
47,Jeno,Mathiot,9/21/1991,1,W-6277
48,Hagan,Sallings,2/8/1994,0,E-4104
49,Cliff,Vanderson,12/14/2003,1,V-3847
50,Lock,Normanton,11/27/1999,1,W-3405
51,Ruthe,Poetz,5/1/1998,1,C-0299
52,Morten,Withinshaw,12/10/2003,0,F-2605
53,Bernelle,Iles,11/1/1997,1,P-6291
54,Pepita,Bloxsom,2/21/2000,0,V-3847
55,Philippe,Galvin,8/2/2002,1,F-2605
56,Jaye,Juster,6/1/1993,1,P-6291
57,Sherill,Stawell,1/9/2005,0,E-4104
58,Dareen,Burnitt,9/2/1995,1,V-3847
59,Nalani,Ffrench,12/16/1998,1,H-8504
60,Nerti,Mardall,1/15/2005,1,F-3196
61,Huey,Stebles,10/18/1993,1,F-3196
62,Bennett,Madner,1/10/1992,0,E-4104
63,Justinn,Tropman,10/3/1995,1,W-6277
64,Shepperd,Littledyke,8/1/2005,0,F-3196
65,Netti,Dunnan,7/26/2001,0,F-3196
66,Cassandra,Judkins,12/29/1996,0,W-6277
67,Maison,Gaish,3/10/1995,0,P-6291
68,Hilde,Curm,12/25/1993,0,F-3196
69,Fernanda,Gilmour,9/17/2005,1,C-0299
70,Kimberli,Pepye,9/30/2005,0,W-3405
71,Sherwin,Palek,9/11/1999,1,W-3405
72,Quentin,Naerup,9/4/1990,0,H-8504
73,Adah,Vennings,1/6/2000,1,C-0299
74,Lorenzo,Hawley,6/3/2004,0,W-3405
75,Glyn,Chadwick,11/16/2005,0,P-6291
76,Kara-lynn,Sherreard,6/24/2005,0,W-3405
77,Salaidh,Challinor,6/17/1994,0,V-3847
78,Ethan,Budibent,7/4/1999,0,W-6277
79,Lois,Bertolin,3/28/2001,0,H-8504
80,Verge,Hawford,2/19/1994,0,W-3405
81,Meggie,Kneebone,10/19/1990,1,E-4104
82,Andrej,Topham,3/26/2004,0,M-2543
83,Fayth,Whyman,12/19/2002,1,W-3405
84,Cazzie,Garfield,5/14/1996,0,P-6291
85,Michele,Searson,2/25/1998,0,W-3405
86,Cristobal,Riley,12/10/1996,1,P-6291
87,Joey,Pesek,8/30/2004,0,P-6291
88,Aeriel,Coronas,5/6/1997,1,F-3196
89,Rebekah,Rathjen,5/13/2004,0,H-8504
90,Madelle,Skule,1/22/1998,0,F-3196
91,Bibbye,Gorrick,1/9/1995,1,F-3196
92,Allissa,Roches,3/17/2002,1,V-3847
93,Evelina,Anton,12/18/1992,0,F-3196
94,Goldarina,Zorzini,1/31/2004,0,W-6277
95,Tabatha,Pomfrett,10/2/1992,0,F-3196
96,Sayres,Behan,7/14/1993,0,V-3847
97,Innis,Feldmus,12/18/1995,1,H-8504
98,Mame,Lively,5/17/1990,1,W-3405
99,Chev,Erdes,3/12/1999,1,H-8504
100,Ilyse,Stenning,7/3/1993,0,P-6291
